name,material_class,formula,supplier,supplier_grade,molar_mass_g_mol,electrons_per_formula_unit,theoretical_capacity_mah_g,practical_capacity_mah_g,first_cycle_efficiency,average_voltage_v,true_density_g_cm3,tap_density_g_cm3,price_per_kg,currency,price_date,source_type,source_reference,notes
NMC811,cathode_active,LiNi0.8Mn0.1Co0.1O2,,,97.279,1,,,,3.8,4.75,,,,,literature,Typical literature value - verify against supplier datasheet,Theoretical capacity calculated from molar mass (Faraday's law). Practical reversible capacity is well below theoretical (commonly ~200 mAh/g) and depends on the upper cut-off voltage.
LFP,cathode_active,LiFePO4,,,157.755,1,,,,3.4,3.6,,,,,literature,Typical literature value - verify against supplier datasheet,Theoretical capacity calculated from molar mass (Faraday's law).
LCO,cathode_active,LiCoO2,,,97.871,1,,,,3.9,5.05,,,,,literature,Typical literature value - verify against supplier datasheet,Theoretical capacity calculated from molar mass (Faraday's law). Only about half the Li is reversibly used in practice (~140-150 mAh/g to 4.2 V).
Graphite,anode_active,C6 (lithiates to LiC6),,,72.066,1,,,,0.1,2.26,,,,,literature,Typical literature value - verify against supplier datasheet,Theoretical capacity calculated from molar mass (Faraday's law). Capacity per gram of carbon (LiC6).
Silicon,anode_active,Si (lithiates to Li15Si4),,,28.085,3.75,,,,0.4,2.33,,,,,literature,Typical literature value - verify against supplier datasheet,Theoretical capacity calculated from molar mass (Faraday's law). Large volume change; usually blended with graphite.
LTO,anode_active,Li4Ti5O12,,,459.083,3,,,,1.55,3.48,,,,,literature,Typical literature value - verify against supplier datasheet,Theoretical capacity calculated from molar mass (Faraday's law).
PVDF,binder,(C2H2F2)n,,,,,,,,,1.78,,,,,literature,Typical literature value - verify against supplier datasheet,
Carbon black,conductive_additive,C,,,,,,,,,1.9,,,,,literature,Typical literature value - verify against supplier datasheet,True density varies by grade (roughly 1.8-2.1 g/cm3).
Aluminium foil,current_collector,Al,,,,,,,,,2.7,,,,,literature,Typical literature value - verify against supplier datasheet,Cathode current collector.
Copper foil,current_collector,Cu,,,,,,,,,8.96,,,,,literature,Typical literature value - verify against supplier datasheet,Anode current collector.
